{
  "Author": "Kirin",
  "Name": "Truth or Dare",
  "InternalName": "FFToD",
  "AssemblyVersion": "1.3.8.5",
  "Description": "Truth or Dare mini-game automation plugin for FFXIV",
  "ApplicableVersion": "any",
  "RepoUrl": "https://github.com/kirin-xiv/FFToD",
  "Tags": [
    "minigame",
    "social",
    "chat",
    "automation",
    "rolls"
  ],
  "DalamudApiLevel": 12,
  "LoadRequiredState": 0,
  "LoadSync": false,
  "CanUnloadAsync": false,
  "LoadPriority": 0,
  "Punchline": "Run ToD, Brain off!",
  "AcceptsFeedback": true
}